coef.asv_dist,coef.pval,r.squared,F.test
0.8595583111222962,0.839,0.005060330328637619,1.3935824978259088
0.38940131777995646,0.325,0.325,0.325
